null;null;null;MAN
55;55;gVTA5iBo5GoztotGu4nW;MAN
99;99;pep7iOozvLwlOthLoUGc;MAN
667;667;r8KcYTRKZK92A7RayNur;MAN
6465465;654654654;VXqs0AA9Ckj32zeCG9YP;MAN
8946489;95494;CR3qaugi1hkGJmkkbBri;MAN
mama;mama;oO4yx4bPOKDvjGQylOFP;MAN
sasa;sasa;a7oQHN50ysgXsATjIKcw;MAN
87987;987987;qSkyyVg8BvbTkb6RJcuP;MAN
sozorra;sozorra;k7UPYfA5fxzXVWejhijO;MAN
fads;adfads;ogndGUyIc7eYi4pkJk8V;MAN
321;321;3lwQROfgwhbNfUFQPmtn;MAN
6546;54654;tqjdqnYBofkO7FqSRXfE;MAN
6546;6546;JLc6mB9X5D7hnjOCUz8z;MAN
16546;651654;FwBYqiZIxiVbd4sUptC5;MAN
555;55;uh6PdQ8VGxrENatgxJsU;MAN
1321;32132;kVvisK6xrNQ8f8DVb548;MAN
popo;popo;tPI4RT8RIpWvvRNbPBXq;MAN
