JefedeSede1;Jefedesede#1;ArveUwIYIgBLIFsgfSIc;MAN
sede2;Prueba#;iDuDCafEc40aOdLr25yX;MAN
777;777;50odJSgp4ix5QWxdESy1;MAN
2;2;ZcgblvGEV4Onbc9AhN1E;MAN
hola;hola;nk3jZ6zKoQ2W8me9tNsX;MAN
LAPUTAMADRE;13215tedf ;pNlc3UzQyPvp62vXWU9W;MAN
fadfadsfadsfsadfasdfsadfa;Lamamamam23#;vy4ZEhtF2o4c4W6cOYAb;MAN
fdsaf;DJASjsi12#21;5UI0WsOr1gcrN5IKxSNR;MAN
fasdfasd;ASfsdfg3#2!;tHfBQlpHG9DHefxfCbS0;MAN
dfasdfsdafsadgdsafga;asFAf4#"afafaf;DFIvg8DKVJSn23zw9eqR;MAN
fdasfas;AJSka3###22;qcejxDdC9MkTEUGesVjM;MAN
fadsfasd;afdafasdD3#;Z4llIDqldeQDLmNKgi2l;MAN
fadsfasdfa;Asafadf#3321;FgBmGqOSG5qdCMrFU70F;MAN
